<?xml version="1.0" encoding="UTF-8"?>
<!DOCTYPE mapper PUBLIC "-//mybatis.org//DTD Mapper 3.0//EN" "http://mybatis.org/dtd/mybatis-3-mapper.dtd">
<mapper namespace="com.task.mapper.Mobilemapper">

<resultMap id="result" type="com.task.entity.Mobile">
		<result property="brand" column="brand" />
		<result property="model" column="model" />
		<result property="ram" column="ram" />
		<result property="rom" column="rom" />
		<result property="cam" column="cam" />
		<result property="status" column="status" />
	</resultMap>
<insert id="add" parameterType="com.task.entity.Mobile">
		insert into Mobile111
		(brand,model,ram,rom,cam,status)
		values(#{brand},#{model},#{ram},#{rom},#{cam},#{status});
	</insert>
<select id="get" parameterType="com.task.entity.Mobile" resultType="com.task.entity.Mobile">
		 select* from Mobile111;
	</select>


<select id="getBybrand" parameterType="com.task.entity.Mobile" resultType="Mobile">
		 select* from Mobile111 where brand= #{brand} ;
	</select>
<select id="getBrand" parameterType="com.task.entity.Mobile" resultType="Mobile">
		 select* from Mobile111 where brand= #{brand} ;
	</select>

<select id="getAllSt" parameterType="com.task.entity.Mobile" resultType="Mobile">
		 select * from Mobile111 ;
	</select>
<select id="getActive" parameterType="com.task.entity.Mobile" resultType="Mobile">
		 select * from Mobile111 where status={status} ;
	</select>

<update id="delete" parameterType="com.task.entity.Mobile" >
		update Mobile111 set status=#{status} 
		where model=#{model}  ;
	</update>
<select id="getmb" parameterType="com.task.entity.Mobile" resultType="Mobile">
		 select* from Mobile111 where model=#{model} ;
	</select>
</mapper> 